max_bond,max_links,num_tensors,part_index,runtime_seconds,total_elems,total_links,total_shapes
2,3,24,1,0.08625670801848173,142,70,128
2,3,24,2,0.11211633263155818,156,70,132
2,3,24,3,0.04997095884755254,164,70,134
